Product,Rating,Price
₹334
₹454
₹299
₹299
₹576
₹299
₹299
₹1,339
₹346
₹302
₹349
₹395
₹258
₹297
₹1,699
₹749
₹1,343
₹299
₹258
₹359
₹1,239
₹379
₹499
₹299
₹258
₹899
₹370
₹581
₹1,088
₹331
₹1,119
₹679
₹1,079
₹749
₹749
₹422
₹421
₹1,379
₹899
₹499
₹334
₹299
₹1,219
₹1,119
₹859
₹1,495
₹395
₹299
₹1,379
₹391
₹349
₹459
₹1,299
₹899
₹309
₹319
₹1,339
₹421
₹999
₹299
₹679
₹581
₹1,079
₹2,509
₹1,529
₹333
₹379
₹1,343
₹799
₹449
₹1,119
₹1,239
₹569
₹1,359
₹2,152
₹1,162
₹370
₹581
₹1,179
₹619
₹334
₹299
₹1,427
₹1,379
₹1,149
₹288
₹299
₹349
₹994
₹258
₹459
₹1,339
₹1,379
₹1,269
₹849
₹2,329
₹679
₹395
₹2,064
₹319
₹581
₹379
₹749
₹297
₹1,279
₹999
₹1,343
₹1,119
₹744
₹599
₹1,239
₹370
₹799
₹1,379
₹2,569
₹323
₹629
₹581
₹1,079
₹1,399
₹1,179
₹1,119
₹418
₹1,219
₹346
₹1,339
₹940
₹899
₹744
₹1,410
₹799
₹359
₹1,057
₹939
₹599
₹899
₹1,159
₹898
₹326
₹849
₹1,272
₹422
₹679
₹1,343
₹2,249
₹2,820
₹1,399
₹2,350
₹2,809
₹389
₹1,340
₹1,041
₹1,095
₹2,509
₹263
₹1,584
₹714
₹348
₹1,312
₹940
₹334
₹299
₹1,389
₹1,272
₹410
₹2,064
₹395
₹454
₹1,709
₹2,249
₹299
₹349
₹2,039
₹1,339
₹599
₹297
₹459
₹1,339
₹1,119
₹1,069
₹421
₹679
₹449
₹939
₹849
₹924
₹581
₹379
₹799
₹453
₹1,343
₹1,119
₹1,969
₹902
₹1,169
₹1,179
₹1,239
₹370
₹391
₹1,350
